{
  "p_values": [
    0.001,
    0.002,
    0.005,
    0.008,
    0.01,
    0.02,
    0.03,
    0.05,
    0.07,
    0.1,
    0.13,
    0.15
  ],
  "etas": [
    1,
    10,
    100,
    300,
    1000
  ],
  "seeds": [
    2024,
    2025,
    2026
  ],
  "asym": {
    "1": {
      "mwpm": [
        0.0,
        0.0,
        2e-05,
        0.00013,
        0.00022,
        0.00109,
        0.00366,
        0.01526,
        0.03648,
        0.08689,
        0.15556,
        0.20734
      ],
      "uf": [
        0.00952,
        0.01938,
        0.04797,
        0.07301,
        0.09196,
        0.16807,
        0.23739,
        0.34478,
        0.42566,
        0.51184,
        0.57827,
        0.61017
      ],
      "sym_mean": [
        0.0,
        3.3333333333333337e-06,
        2.3333333333333336e-05,
        0.00013,
        0.0002633333333333333,
        0.0014466666666666666,
        0.00459,
        0.018856666666666667,
        0.045649999999999996,
        0.10504000000000001,
        0.18385666666666667,
        0.24318666666666666
      ],
      "sym_std": [
        0.0,
        4.714045207910317e-06,
        4.714045207910317e-06,
        8.164965809277253e-06,
        2.8674417556808744e-05,
        0.00012036980056845188,
        0.000396568615332412,
        0.0012527392208897883,
        0.0013014863298039918,
        0.0026130824709526468,
        0.003320967061297392,
        0.003293329959512449
      ],
      "asym_mean": [
        3.3333333333333337e-06,
        0.0,
        1.6666666666666667e-05,
        0.0001333333333333333,
        0.00022,
        0.0015066666666666666,
        0.0046166666666666665,
        0.01862,
        0.04455666666666667,
        0.10351333333333333,
        0.18269666666666665,
        0.23943
      ],
      "asym_std": [
        4.714045207910317e-06,
        0.0,
        4.714045207910318e-06,
        1.2472191289246465e-05,
        2.9439202887759477e-05,
        0.00012119772641798566,
        0.0001352364185006718,
        0.0005123150072627839,
        0.0016725296874960278,
        0.00144049374251408,
        0.002306604045392758,
        0.0023194395874866014
      ]
    },
    "10": {
      "mwpm": [
        0.0,
        0.0,
        6e-05,
        0.00017,
        0.0003,
        0.00173,
        0.00523,
        0.02178,
        0.04989,
        0.11252,
        0.18744,
        0.24134
      ],
      "uf": [
        0.00898,
        0.01796,
        0.04464,
        0.06745,
        0.08414,
        0.1536,
        0.20975,
        0.29743,
        0.36325,
        0.42748,
        0.47343,
        0.49448
      ],
      "sym_mean": [
        3.3333333333333337e-06,
        3.6666666666666666e-05,
        0.00018999999999999998,
        0.00052,
        0.00081,
        0.00388,
        0.009813333333333334,
        0.032453333333333334,
        0.06726333333333334,
        0.13876,
        0.21853666666666668,
        0.27116999999999997
      ],
      "sym_std": [
        4.714045207910317e-06,
        2.0548046676563257e-05,
        8.602325267042625e-05,
        0.0002491318258807306,
        0.00028437065014988216,
        0.0011228831936878683,
        0.0022314320264997744,
        0.004119080264115065,
        0.005467975453086415,
        0.006265732199831085,
        0.005527653711617215,
        0.004277943431136027
      ],
      "asym_mean": [
        0.0,
        3.3333333333333337e-06,
        7.666666666666667e-05,
        0.00018666666666666666,
        0.00038333333333333334,
        0.0021633333333333335,
        0.0064066666666666655,
        0.025783333333333335,
        0.05747,
        0.12582000000000002,
        0.20391666666666666,
        0.25871333333333335
      ],
      "asym_std": [
        0.0,
        4.714045207910317e-06,
        2.3570226039551588e-05,
        4.714045207910317e-06,
        4.189935029992178e-05,
        0.00022573337271116015,
        0.00024580932086115486,
        0.0003598456459218162,
        0.0003261901286060016,
        0.0009178598295309976,
        0.0010873923956981838,
        0.0006206090198792943
      ]
    },
    "100": {
      "mwpm": [
        0.0,
        0.0,
        7e-05,
        0.00018,
        0.00031,
        0.00198,
        0.00571,
        0.02407,
        0.05516,
        0.12299,
        0.20132,
        0.25698
      ],
      "uf": [
        0.00891,
        0.01767,
        0.04373,
        0.06605,
        0.08225,
        0.1499,
        0.20348,
        0.28499,
        0.34496,
        0.39935,
        0.43797,
        0.45473
      ],
      "sym_mean": [
        1.3333333333333335e-05,
        0.00011666666666666667,
        0.0005,
        0.0013033333333333334,
        0.0021033333333333334,
        0.008346666666666667,
        0.018096666666666667,
        0.05026333333333333,
        0.09493666666666667,
        0.17312333333333332,
        0.25448000000000004,
        0.30519
      ],
      "sym_std": [
        4.714045207910318e-06,
        9.428090415820627e-06,
        8.524474568362947e-05,
        0.00030092450142112976,
        0.00027402351886086153,
        0.0011639110313459912,
        0.0019822938452431545,
        0.0041403891389846705,
        0.00596664245805145,
        0.00784663976206093,
        0.008577983446008755,
        0.007546473790232543
      ],
      "asym_mean": [
        0.0,
        3.3333333333333337e-06,
        7.999999999999999e-05,
        0.00019000000000000004,
        0.0003733333333333333,
        0.0023166666666666665,
        0.006526666666666667,
        0.026603333333333336,
        0.059456666666666665,
        0.1299,
        0.20964333333333332,
        0.26433
      ],
      "asym_std": [
        0.0,
        4.714045207910317e-06,
        8.164965809277265e-06,
        8.16496580927726e-06,
        4.7140452079103295e-06,
        0.00013224556283251577,
        9.104333522498447e-05,
        9.741092797468332e-05,
        0.0001596524001977067,
        0.00039302247603243307,
        0.0008156932974810767,
        0.0007950262050188435
      ]
    },
    "300": {
      "mwpm": [
        0.0,
        0.0,
        7e-05,
        0.00018,
        0.00032,
        0.00201,
        0.00577,
        0.02428,
        0.0556,
        0.12389,
        0.20253,
        0.25826
      ],
      "uf": [
        0.00891,
        0.01759,
        0.04359,
        0.06608,
        0.08227,
        0.14956,
        0.20288,
        0.28378,
        0.34352,
        0.39731,
        0.43518,
        0.45114
      ],
      "sym_mean": [
        1.3333333333333335e-05,
        0.00013,
        0.00069,
        0.0016633333333333335,
        0.002683333333333333,
        0.01062,
        0.021926666666666667,
        0.057743333333333334,
        0.1059,
        0.18590666666666666,
        0.2665166666666667,
        0.31625333333333333
      ],
      "sym_std": [
        4.714045207910318e-06,
        1.6329931618554513e-05,
        0.00014165686240583854,
        0.00040663934334438865,
        0.0004657848812011351,
        0.0020616659929936928,
        0.0033035368252155983,
        0.006597607310398388,
        0.008885752641166643,
        0.011086334931898024,
        0.011730147294708438,
        0.009715933076938903
      ],
      "asym_mean": [
        0.0,
        6.6666666666666675e-06,
        8.666666666666668e-05,
        0.00020666666666666666,
        0.0003800000000000001,
        0.0023,
        0.006573333333333334,
        0.02671,
        0.05977,
        0.13018333333333332,
        0.21015000000000003,
        0.26514
      ],