{
  "p_values": [
    0.001,
    0.002,
    0.003,
    0.004,
    0.005,
    0.006,
    0.008,
    0.01
  ],
  "distances": [
    3,
    5
  ],
  "data": {
    "3": {
      "pymatching": [
        0.00015,
        0.00037,
        0.00089,
        0.00186,
        0.00274,
        0.00341,
        0.00593,
        0.00955
      ],
      "gabpnn": [
        0.00283,
        0.00523,
        0.00806,
        0.01131,
        0.01466,
        0.01806,
        0.02438,
        0.03219
      ]
    },
    "5": {
      "pymatching": [
        1e-05,
        6e-05,
        0.00015,
        0.00031,
        0.00076,
        0.00111,
        0.00239,
        0.00389
      ],
      "gabpnn": [
        2e-05,
        0.0002,
        0.00068,
        0.00108,
        0.00205,
        0.00276,
        0.00582,
        0.00899
      ]
    }
  }
}