{
  "p_values": [
    0.001,
    0.002,
    0.005,
    0.01,
    0.02,
    0.05,
    0.1,
    0.15
  ],
  "distances": [
    3,
    5,
    7
  ],
  "n_test": 100000,
  "data": {
    "3": {
      "greedy": [
        0.00128,
        0.00264,
        0.00695,
        0.01278,
        0.0268,
        0.06516,
        0.12983,
        0.1894
      ],
      "pymatching": [
        0.00119,
        0.00253,
        0.00659,
        0.01418,
        0.02742,
        0.07142,
        0.15183,
        0.2286
      ],
      "pm_time_us": [
        0.036604000051738694,
        0.038001000066287816,
        0.04442899997229688,
        0.05397300003096461,
        0.07224200002383441,
        0.12651900004129857,
        0.21265999996103346,
        0.2817459999641869
      ]
    },
    "5": {
      "greedy": [
        0.00126,
        0.00232,
        0.00672,
        0.01398,
        0.02754,
        0.07297,
        0.15087,
        0.23289
      ],
      "pymatching": [
        0.00128,
        0.00266,
        0.007,
        0.01371,
        0.02683,
        0.07073,
        0.15254,
        0.23622
      ],
      "pm_time_us": [
        0.044347999937599525,
        0.050183999992441386,
        0.07257499994011596,
        0.10503500001505017,
        0.1873709999199491,
        0.4257130000041798,
        0.890166000026511,
        1.3380100000358652
      ]
    },
    "7": {
      "greedy": [
        0.00128,
        0.0028,
        0.00709,
        0.01418,
        0.03079,
        0.0851,
        0.18951,
        0.29553
      ],
      "pymatching": [
        0.00147,
        0.00258,
        0.00667,
        0.0139,
        0.02697,
        0.07108,
        0.14886,
        0.23488
      ],
      "pm_time_us": [
        0.05972500002826563,
        0.07266899992828257,
        0.11532000004081056,
        0.19292500001029111,
        0.3518790000816807,
        0.9423550000065006,
        2.183385999960592,
        3.5190959999454208
      ]
    }
  }
}