{
  "distances": [
    3,
    5,
    7,
    9
  ],
  "n_batch": 1000,
  "reps": 30,
  "timing": {
    "3": {
      "greedy_mwpm": {
        "median_us": 0.14689999807160348,
        "p05_us": 0.1442449924070388,
        "p95_us": 0.15506000345339999
      },
      "union_find": {
        "median_us": 9.183949994621798,
        "p05_us": 9.106550003343727,
        "p95_us": 9.306379986810498
      },
      "gabpnn_cpu": {
        "median_us": 6.577200008905493,
        "p05_us": 6.339189998107031,
        "p95_us": 6.874610001977999
      },
      "gabpnn_gpu": {
        "median_us": 0.7018000032985583,
        "p05_us": 0.6393199975718744,
        "p95_us": 0.7564549916423857
      }
    },
    "5": {
      "greedy_mwpm": {
        "median_us": 0.4234500083839521,
        "p05_us": 0.4114700059290044,
        "p95_us": 0.4471149994060397
      },
      "union_find": {
        "median_us": 31.845999998040497,
        "p05_us": 31.62638500070898,
        "p95_us": 32.448989983822685
      },
      "gabpnn_cpu": {
        "median_us": 7.569050008896738,
        "p05_us": 7.287664990872145,
        "p95_us": 8.000140004151035
      },
      "gabpnn_gpu": {
        "median_us": 0.6378499965649098,
        "p05_us": 0.6230250000953674,
        "p95_us": 0.6583550202776678
      }
    },
    "7": {
      "greedy_mwpm": {
        "median_us": 0.9161500056507066,
        "p05_us": 0.9046050065080635,
        "p95_us": 0.9528000053251162
      },
      "union_find": {
        "median_us": 87.79484999831766,
        "p05_us": 86.7132550018141,
        "p95_us": 89.03527499060147
      },
      "gabpnn_cpu": {
        "median_us": 9.34080001024995,
        "p05_us": 8.967314993788023,
        "p95_us": 9.607924986630678
      },
      "gabpnn_gpu": {
        "median_us": 0.684049999108538,
        "p05_us": 0.6589100012206472,
        "p95_us": 0.8019600019906648
      }
    },
    "9": {
      "greedy_mwpm": {
        "median_us": 1.6850499960128218,
        "p05_us": 1.6553800029214472,
        "p95_us": 1.8292199965799225
      },
      "union_find": {
        "median_us": 218.83234998676926,
        "p05_us": 216.75564501056215,
        "p95_us": 220.65064000344137
      },
      "gabpnn_cpu": {
        "median_us": 11.157600005390123,
        "p05_us": 10.802914996747859,
        "p95_us": 11.993264988996089
      },
      "gabpnn_gpu": {
        "median_us": 0.8195500122383237,
        "p05_us": 0.792654998076614,
        "p95_us": 0.8913549958379006
      }
    }
  }
}