{
  "p_values": [
    0.001,
    0.002,
    0.005,
    0.008,
    0.01,
    0.02,
    0.03,
    0.05,
    0.07,
    0.1,
    0.13,
    0.15
  ],
  "distances": [
    9,
    11
  ],
  "seeds": [
    2024,
    2025,
    2026
  ],
  "hidden": 384,
  "sym": {
    "9": {
      "mwpm": [
        0.0,
        0.0,
        0.0,
        0.0,
        0.0,
        0.0001,
        0.00032,
        0.0037,
        0.0152,
        0.0637,
        0.15628,
        0.2354
      ],
      "uf": [
        0.0191,
        0.03798,
        0.09052,
        0.14228,
        0.17116,
        0.30404,
        0.40122,
        0.53364,
        0.6102,
        0.67378,
        0.70598,
        0.71792
      ],
      "gabpnn_mean": [
        0.0,
        0.0,
        0.0,
        6.6666666666666675e-06,
        4.666666666666667e-05,
        0.00047333333333333336,
        0.00238,
        0.0159,
        0.05182666666666667,
        0.15732,
        0.29630666666666666,
        0.3882466666666667
      ],
      "gabpnn_std": [
        0.0,
        0.0,
        0.0,
        9.428090415820634e-06,
        4.109609335312651e-05,
        6.182412330330467e-05,
        0.00028284271247461896,
        0.0007934733769950949,
        0.002160390911129025,
        0.005724427191140321,
        0.005858608101664488,
        0.007221271048475838
      ]
    },
    "11": {
      "mwpm": [
        0.0,
        0.0,
        0.0,
        0.0,
        0.0,
        2e-05,
        8e-05,
        0.00168,
        0.0102,
        0.05256,
        0.14516,
        0.23878
      ],
      "uf": [
        0.02346,
        0.04298,
        0.10534,
        0.16314,
        0.19354,
        0.33004,
        0.4304,
        0.5593,
        0.63572,
        0.68938,
        0.72168,
        0.72746
      ],
      "gabpnn_mean": [
        0.0,
        6.6666666666666675e-06,
        6.6666666666666675e-06,
        2e-05,
        8e-05,
        0.0012,
        0.005,
        0.029866666666666666,
        0.08816666666666667,
        0.22858,
        0.39026000000000005,
        0.4848733333333333
      ],
      "gabpnn_std": [
        0.0,
        9.428090415820634e-06,
        9.428090415820634e-06,
        1.6329931618554523e-05,
        4.3204937989385736e-05,
        0.00021416504538945345,
        0.0005678027826631356,
        0.0025121747992968616,
        0.005203699538682921,
        0.006060253020020423,
        0.006760118342159413,
        0.004637250143014606
      ]
    }
  }
}