{
  "p_values": [
    0.001,
    0.002,
    0.005,
    0.008,
    0.01,
    0.02,
    0.03,
    0.05,
    0.07,
    0.1,
    0.13,
    0.15
  ],
  "distances": [
    3,
    5,
    7
  ],
  "seeds": [
    2024,
    2025,
    2026,
    2027,
    2028
  ],
  "sym": {
    "3": {
      "mwpm": [
        1e-05,
        4e-05,
        0.00042,
        0.00108,
        0.00144,
        0.00594,
        0.01323,
        0.03446,
        0.06271,
        0.11353,
        0.17233,
        0.21462
      ],
      "uf": [
        0.00473,
        0.00965,
        0.02434,
        0.03874,
        0.04873,
        0.0926,
        0.13591,
        0.21486,
        0.27999,
        0.36588,
        0.43359,
        0.47406
      ],
      "gabpnn_mean": [
        6.000000000000001e-06,
        2.8000000000000003e-05,
        0.000316,
        0.0008460000000000001,
        0.001188,
        0.005064,
        0.011266,
        0.029668,
        0.05465,
        0.102258,
        0.158304,
        0.19868200000000003
      ],
      "gabpnn_std": [
        4.898979485566357e-06,
        7.483314773547884e-06,
        2.0591260281974006e-05,
        2.2449944320643655e-05,
        5.8103356185335745e-05,
        7.25534285888683e-05,
        0.0001539610340313416,
        0.00015663971399361093,
        0.00032489998461064835,
        0.00032902279556285897,
        0.00040618222511576955,
        0.00040828421473282345
      ],
      "gabpnn_per_seed": [
        [
          1e-05,
          2e-05,
          0.00029,
          0.00086,
          0.00129,
          0.00516,
          0.01111,
          0.02954,
          0.05454,
          0.10223,
          0.15814,
          0.19909
        ],
        [
          1e-05,
          3e-05,
          0.0003,
          0.00086,
          0.00119,
          0.00499,
          0.0111,
          0.02994,
          0.05527,
          0.10217,
          0.15899,
          0.19842
        ],
        [
          1e-05,
          3e-05,
          0.00032,
          0.00081,
          0.00118,
          0.00511,
          0.01135,
          0.02968,
          0.05465,
          0.10201,
          0.15842,
          0.19801
        ],
        [
          0.0,
          4e-05,
          0.00035,
          0.00083,
          0.00111,
          0.00497,
          0.01151,
          0.02949,
          0.05442,
          0.10289,
          0.15775,
          0.19901
        ],
        [
          0.0,
          2e-05,
          0.00032,
          0.00087,
          0.00117,
          0.00509,
          0.01126,
          0.02969,
          0.05437,
          0.10199,
          0.15822,
          0.19888
        ]
      ]
    },
    "5": {
      "mwpm": [
        0.0,
        0.0,
        2e-05,
        0.0001,
        0.00015,
        0.00114,
        0.00432,
        0.01652,
        0.03882,
        0.09411,
        0.16778,
        0.22883
      ],
      "uf": [
        0.00925,
        0.01975,
        0.04878,
        0.07448,
        0.09423,
        0.17561,
        0.24662,
        0.35644,
        0.44708,
        0.53529,
        0.59596,
        0.62597
      ],
      "gabpnn_mean": [
        0.0,
        0.0,
        3.8e-05,
        9.4e-05,
        0.000154,
        0.00135,
        0.004496,
        0.017748,
        0.042808,
        0.10414799999999999,
        0.18310200000000001,
        0.245518
      ],
      "gabpnn_std": [
        0.0,
        0.0,
        9.797958971132712e-06,
        2.576819745345025e-05,
        5.0833060108555346e-05,
        4.3358966777357626e-05,
        0.0002204177851263368,
        0.0008835926663344374,
        0.0013834363013886836,
        0.0025177323130150283,
        0.002480591864858057,
        0.00307612353458049
      ],
      "gabpnn_per_seed": [
        [
          0.0,
          0.0,
          4e-05,
          0.00013,
          0.00025,
          0.00142,
          0.0049,
          0.01924,
          0.04491,
          0.10888,
          0.18802,
          0.25132
        ],
        [
          0.0,
          0.0,
          2e-05,
          9e-05,
          0.00015,
          0.00131,
          0.00455,
          0.01713,
          0.04106,
          0.10191,
          0.1819,
          0.24345
        ],
        [
          0.0,
          0.0,
          4e-05,
          0.0001,
          0.0001,
          0.00135,
          0.00432,
          0.01671,
          0.04176,
          0.10279,
          0.18201,
          0.24498
        ],
        [
          0.0,
          0.0,
          4e-05,
          5e-05,
          0.00013,
          0.0013,
          0.00441,
          0.01815,
          0.04377,
          0.10453,
          0.18229,
          0.24533
        ],
        [
          0.0,
          0.0,
          5e-05,
          0.0001,
          0.00014,
          0.00137,
          0.0043,
          0.01751,
          0.04254,
          0.10263,
          0.18129,
          0.24251
        ]
      ]
    },
    "7": {
      "mwpm": [
        0.0,
        0.0,
        1e-05,
        1e-05,
        0.0,
        0.00021,
        0.00115,
        0.00759,
        0.02532,
        0.07863,
        0.16334,
        0.23212
      ],
      "uf": [
        0.01578,
        0.03023,
        0.07496,
        0.11572,
        0.14021,
        0.25009,
        0.34067,
        0.46991,
        0.55363,
        0.63455,
        0.68238,
        0.70083
      ],
      "gabpnn_mean": [
        0.0,
        2.0000000000000003e-06,
        1.4000000000000001e-05,
        3.2000000000000005e-05,
        4.2000000000000004e-05,
        0.000712,
        0.002846,
        0.015904,
        0.046715999999999994,
        0.12764999999999999,
        0.238024,
        0.31605
      ],
      "gabpnn_std": [
        0.0,
        4.000000000000001e-06,
        1.0198039027185571e-05,
        1.3266499161421601e-05,
        1.7204650534085252e-05,
        9.282241108697834e-05,
        0.000201553962997506,
        0.0007318087181770933,
        0.0011281595631824433,
        0.002021049232453276,
        0.0018301978035174277,
        0.0026215415312369123
      ],
      "gabpnn_per_seed": [
        [
          0.0,
          0.0,
          1e-05,
          3e-05,
          5e-05,
          0.00072,
          0.00272,
          0.01525,
          0.04611,
          0.12726,
          0.23742,
          0.31726
        ],
        [
          0.0,
          1e-05,
          0.0,
          5e-05,
          3e-05,
          0.00054,
          0.00276,
          0.01569,
          0.04538,
          0.1277,
          0.23994,
          0.317
        ],
        [
          0.0,
          0.0,
          2e-05,
          4e-05,
          7e-05,
          0.00082,
          0.00316,
          0.0171,
          0.04856,
          0.13115,
          0.23882,
          0.31635
        ],
        [
          0.0,
          0.0,
          1e-05,
          1e-05,
          2e-05,
          0.00073,
          0.0026,
          0.01514,
          0.04613,
          0.12484,
          0.23475,
          0.31102
        ],
        [
          0.0,
          0.0,
          3e-05,
          3e-05,
          4e-05,
          0.00075,
          0.00299,
          0.01634,
          0.0474,
          0.1273,
          0.23919,
          0.31862
        ]
      ]
    }
  }
}