{
  "p_values": [
    0.001,
    0.002,
    0.005,
    0.008,
    0.01,
    0.02,
    0.03,
    0.05,
    0.07,
    0.1,
    0.13,
    0.15
  ],
  "mwpm": [
    0.0,
    0.0,
    2e-05,
    0.0001,
    0.00015,
    0.00114,
    0.00432,
    0.01652,
    0.03882,
    0.09411,
    0.16778,
    0.22883
  ],
  "raw_mlp": [
    0.0,
    2.0000000000000003e-06,
    3.8e-05,
    9.200000000000001e-05,
    0.00019,
    0.0015300000000000001,
    0.0048579999999999995,
    0.018752,
    0.044808,
    0.107124,
    0.18763600000000002,
    0.250464
  ],
  "raw_mlp_std": [
    0.0,
    4.000000000000001e-06,
    1.1661903789690601e-05,
    2.227105745132009e-05,
    4.6475800154489004e-05,
    6.22896460095897e-05,
    0.0001518420231688183,
    0.0005158837078257078,
    0.0010681835048342574,
    0.0017365091419281396,
    0.0014833286891313038,
    0.00179546762711
  ],
  "bp_mlp": [
    2.0000000000000003e-06,
    0.0,
    4e-05,
    8.200000000000001e-05,
    0.000144,
    0.0012959999999999998,
    0.0045060000000000005,
    0.017836,
    0.042654000000000004,
    0.103718,
    0.183038,
    0.24553000000000003
  ],
  "bp_mlp_std": [
    4.000000000000001e-06,
    0.0,
    1.4142135623730951e-05,
    1.939071942966532e-05,
    3.2000000000000005e-05,
    7.812809993849844e-05,
    0.00020085815890822075,
    0.0004563156802039571,
    0.0004491146846853263,
    0.001037755269801122,
    0.0018825875809640306,
    0.0016593613229191585
  ],
  "bp_res_mlp": [
    0.0,
    0.0,
    3.7999999999999995e-05,
    7.6e-05,
    0.00014399999999999998,
    0.001344,
    0.004423999999999999,
    0.017721999999999998,
    0.042516,
    0.103656,
    0.182028,
    0.245846
  ],
  "bp_res_mlp_std": [
    0.0,
    0.0,
    2.3151673805580453e-05,
    1.7435595774162695e-05,
    2.7276363393971718e-05,
    8.260750571225349e-05,
    0.000158063278467834,
    0.0002236425719759105,
    0.0004608513860237372,
    0.0010495256071197127,
    0.0008065829157625355,
    0.0010961861155843991
  ]
}